StateCode,Division,YearMonth,    PCP,   TAVG,   PDSI,   PHDI,   ZNDX,   PMDI,    CDD,    HDD,   SP01,   SP02,   SP03,   SP06,   SP09,   SP12,   SP24,   TMIN,   TMAX,
       28,      01,   199401,   5.61,   19.9,   1.59,   1.59,   2.39,   1.59,      0,   1398,   1.38,   1.18,      1,    .89,   -.29,    .32,    .05,   10.5,   29.3,
       28,      01,   199402,   3.19,   24.9,   1.55,   1.55,    .35,   1.55,      0,   1123,    .26,    1.2,    1.1,   1.28,     .2,    .35,    .15,   14.6,   35.3,
       28,      01,   199403,   5.89,     36,   2.16,   2.16,   2.31,   2.16,      0,    899,   1.24,   1.06,   1.63,   1.23,    .69,     .3,    .34,   26.7,   45.3,
       28,      01,   199404,   3.34,   51.4,   1.58,   1.58,  -1.07,   1.03,      0,    408,   -.19,    .69,    .63,   1.04,   1.01,   -.05,     .4,   38.8,     64,
       28,      01,   199405,   3.74,   57.5,   1.29,   1.29,   -.39,    .52,     10,    242,   -.04,   -.23,     .5,      1,   1.21,     .3,     .4,   44.5,   70.4,
       28,      01,   199406,   5.36,   70.5,   1.52,   1.52,   1.09,   1.17,    171,      6,    .78,    .47,    .21,   1.15,   1.02,     .6,    .41,   58.6,   82.3,
       28,      01,   199407,    4.6,     75,   1.34,   1.34,   -.07,    .91,    310,      0,    .05,    .46,    .27,    .58,    .94,    .93,    .38,   64.5,   85.5,
       28,      01,   199408,   5.84,   68.7,   1.71,   1.71,   1.54,   1.71,    132,     17,    .72,    .47,    .67,    .75,   1.13,   1.23,    .56,   57.9,   79.5,
       28,      01,   199409,   3.04,   62.6,   -.19,   1.35,   -.56,      1,     30,    102,   -.29,    .23,    .17,     .2,    .85,    .81,    .48,   51.8,   73.5,
       28,      01,   199410,   1.31,   51.1,    -.7,    .68,   -1.6,   -.52,      0,    431,   -1.3,  -1.21,   -.43,   -.17,    .11,     .5,    .47,   38.2,   64.1,
       28,      01,   199411,   4.28,   46.5,   -.64,    .59,   -.05,   -.59,      0,    555,    .46,   -.53,   -.75,    .03,    .18,    .61,    .29,   35.7,   57.3,
       28,      01,   199412,   2.68,   36.3,   -.91,   -.91,  -1.01,   -.91,      0,    890,   -.61,   -.14,   -.85,   -.49,   -.28,    .38,    .13,   26.4,   46.3,
       28,      01,   199501,   3.49,   32.9,   -.79,   -.79,     .1,   -.79,      0,    995,    .21,   -.35,   -.03,   -.48,    -.2,    .06,    .21,   25.4,   40.5,
       28,      01,   199502,   2.38,   26.3,   -.95,   -.95,   -.72,   -.95,      0,   1084,   -.41,   -.26,   -.58,  -1.05,   -.28,   -.07,    .14,   16.2,   36.4,
       28,      01,   199503,   2.21,   41.7,  -1.58,  -1.58,  -2.19,  -1.58,      0,    722,  -1.06,  -1.21,   -.92,  -1.31,   -.87,   -.64,   -.22,   30.8,   52.7,
       28,      01,   199504,   1.97,   47.6,  -2.08,  -2.08,     -2,  -2.08,      0,    522,  -1.33,  -1.79,  -1.68,  -1.13,  -1.17,   -.85,   -.55,   35.2,   59.9,
       28,      01,   199505,    3.2,   57.3,  -2.15,  -2.15,   -.85,  -2.15,      9,    248,   -.35,  -1.21,  -1.76,  -1.71,  -1.72,   -.93,   -.42,   46.1,   68.4,
       28,      01,   199506,   2.13,   68.4,  -2.62,  -2.62,  -2.07,  -2.62,    118,     16,  -1.24,  -1.13,  -1.75,     -2,  -2.11,  -1.41,   -.49,   57.3,   79.6,
       28,      01,   199507,   4.76,   74.3,  -2.48,  -2.48,   -.39,  -2.48,    288,      0,    .13,   -.62,   -.74,  -1.71,  -1.38,  -1.33,   -.25,   63.6,   84.9,
       28,      01,   199508,   1.17,   72.8,  -3.43,  -3.43,  -3.61,  -3.43,    245,      0,  -3.09,  -1.09,  -1.52,  -2.18,  -2.19,     -2,    -.5,   59.6,     86,
       28,      01,   199509,   4.11,   62.9,  -3.19,  -3.19,   -.35,  -3.19,     34,     97,    .23,  -1.04,   -.78,  -1.84,  -1.99,  -2.03,   -.69,     51,   74.8,
       28,      01,   199510,    8.2,   55.8,   1.27,  -1.59,   3.82,    .02,      7,    292,   1.73,   1.37,     .4,   -.23,  -1.01,   -.88,   -.29,   43.2,   68.4,
       28,      01,   199511,   5.18,   38.3,   1.64,   -.92,    1.5,   1.21,      0,    801,     .9,    1.8,   1.56,    .23,   -.57,   -.81,   -.18,   29.4,   47.1,
       28,      01,   199512,   2.19,   27.1,   1.05,  -1.25,  -1.27,    .32,      0,   1175,   -.95,    .03,   1.26,    .25,    -.5,   -.84,   -.31,   19.6,   34.5,
       28,      01,   199601,   6.88,   25.6,   2.19,   2.19,   3.73,   2.19,      0,   1221,   1.94,    .83,   1.13,     .9,    .34,   -.29,   -.16,     16,   35.1,
       28,      01,   199602,   2.29,   29.3,   1.68,   1.68,   -.84,   1.24,      0,   1000,    -.5,   1.36,     .5,   1.55,    .36,   -.31,   -.26,   20.3,   38.2,
       28,      01,   199603,   4.02,   34.5,   1.65,   1.65,    .43,   1.34,      0,    946,    .23,   -.17,   1.16,   1.52,    .69,   -.04,   -.44,     24,   45.1,
       28,      01,   199604,   5.73,   48.8,   2.04,   2.04,   1.67,   2.04,      0,    486,    1.1,    .86,    .51,   1.06,    .95,    .45,   -.23,   37.7,   59.9,
       28,      01,   199605,   3.42,     57,   1.62,   1.62,   -.62,   1.27,      8,    256,   -.22,    .59,    .56,    .66,   1.45,    .46,   -.31,   45.4,   68.5,
       28,      01,   199606,   4.81,   68.4,   1.71,   1.71,    .78,   1.65,    118,     16,    .53,    .17,    .67,   1.16,   1.46,    .82,   -.35,   57.5,   79.3,
       28,      01,   199607,   7.93,   69.9,   2.68,   2.68,   3.42,   2.68,    160,      8,   1.44,   1.28,     .9,   1.02,   1.33,   1.22,   -.05,   60.2,   79.7,
       28,      01,   199608,   2.64,   70.6,   1.93,   1.93,  -1.41,   1.28,    181,      8,   -.87,     .5,    .57,     .7,    .79,   1.38,   -.38,   60.1,   81.2,
       28,      01,   199609,   5.89,   64.1,   2.22,   2.22,   1.48,   2.13,     49,     76,     .9,    .12,    .82,    .97,    1.3,   1.48,   -.07,   54.4,   73.8,
       28,      01,   199610,   7.52,   52.3,   3.58,   3.58,   4.76,   3.58,      0,    394,   1.54,   1.63,    .94,   1.24,   1.32,   1.48,    .51,   41.3,   63.3,
       28,      01,   199611,   3.36,   38.6,   3.15,   3.15,   -.19,   3.02,      0,    792,   -.04,   1.19,    1.4,   1.29,   1.36,   1.37,     .4,   29.5,   47.6,
       28,      01,   199612,   8.04,   36.2,   4.22,   4.22,   4.19,   4.22,      0,    893,   2.17,   1.55,      2,   1.92,   1.76,   1.95,    .89,   29.2,   43.2,
       28,      01,   199701,   3.41,   27.4,    .02,    3.8,    .06,   3.77,      0,   1166,    .16,   1.63,   1.29,   1.46,   1.58,    1.6,    .85,   18.9,   35.9,
       28,      01,   199702,   1.82,   35.6,   -.57,   2.84,  -1.72,   2.08,      0,    823,  -1.01,   -.61,    1.1,   1.78,   1.56,   1.56,     .8,   25.7,   45.4,
       28,      01,   199703,   4.23,   38.6,   -.42,   2.64,    .29,   1.95,      0,    818,    .35,   -.31,   -.26,   1.46,   1.66,   1.59,    .97,   28.7,   48.4,
       28,      01,   199704,   3.81,     47,    -.4,   2.35,   -.07,   1.59,      0,    540,    .11,    .26,   -.26,    .75,   1.11,   1.35,   1.06,     35,   59.1,
       28,      01,   199705,   3.42,   55.5,   -.51,   1.96,   -.45,   1.01,      0,    299,   -.22,   -.17,    .03,     .7,   1.37,   1.35,   1.12,   43.5,   67.5,
       28,      01,   199706,   2.51,   66.7,   -.94,   1.27,  -1.45,   -.19,     83,     32,   -.89,   -.81,   -.71,   -.77,    .83,   1.08,   1.18,   54.2,   79.1,
       28,      01,   199707,   5.97,   72.1,   -.48,   1.51,   1.09,    .44,    223,      0,    .67,   -.03,   -.22,    -.4,     .4,    .76,   1.33,   59.4,   84.7,
       28,      01,   199708,   4.59,     69,   -.33,   1.45,    .31,     .5,    139,     15,    .24,     .5,   -.01,   -.09,    .43,   1.01,    1.7,   57.6,   80.4,
       28,      01,   199709,   3.05,   62.2,   -.52,   1.08,   -.67,   -.06,     26,    110,   -.29,   -.15,     .2,   -.31,   -.46,    .67,   1.51,     51,   73.4,
       28,      01,   199710,   2.12,   52.1,   -.88,   -.88,  -1.26,   -.88,      0,    400,   -.68,   -.84,   -.56,   -.62,   -.74,      0,   1.02,   40.2,   63.9,
       28,      01,   199711,   4.12,   39.7,    .06,    .06,    .19,   -.73,      0,    759,    .38,   -.27,   -.55,   -.38,   -.41,    .11,    .92,   31.2,   48.1,
       28,      01,   199712,   3.99,   33.5,     .2,     .2,    .42,   -.51,      0,    976,     .2,    .33,   -.18,   -.08,   -.38,   -.49,   1.05,   25.7,   41.4,
       28,      01,   199801,   4.01,   35.9,    .33,    .33,    .47,    .33,      0,    902,    .54,    .43,    .52,   -.23,    -.3,   -.41,     .8,   28.3,   43.5,
       28,      01,   199802,   4.53,     37,    .88,    .88,   1.75,    .88,      0,    784,   1.14,   1.08,    .87,    .07,    .04,   -.01,    .96,   28.6,   45.5,
       28,      01,   199803,   4.27,   41.5,     .8,     .8,    .04,     .8,      0,    728,    .38,    .95,   1.03,    .47,    .33,    .01,      1,   31.8,   51.1,
       28,      01,   199804,   5.63,   50.8,   1.16,   1.16,   1.32,   1.16,      0,    426,   1.05,    .91,   1.24,   1.11,    .37,    .23,    .93,   38.8,   62.8,
       28,      01,   199805,   6.58,   62.5,   1.57,   1.57,   1.58,   1.57,     45,    122,   1.31,   1.56,   1.42,   1.52,    .86,    .63,   1.23,   51.5,   73.5,
       28,      01,   199806,   6.22,   66.7,   2.24,   2.24,   2.49,   2.24,     83,     32,   1.13,   1.55,   1.82,   1.96,    1.3,   1.15,   1.36,   56.9,   76.4,
       28,      01,   199807,   1.84,   72.7,   -.76,   1.25,  -2.28,    .17,    239,      0,  -1.57,   -.18,    .52,   1.19,   1.14,    .53,     .9,   61.3,   84.2,
       28,      01,   199808,   2.95,   72.8,  -1.36,  -1.36,  -2.04,  -1.36,    245,      0,   -.64,  -1.64,   -.58,     .5,     .8,    .32,    .96,     61,   84.6,
       28,      01,   199809,   2.37,   65.8,  -1.88,  -1.88,  -1.99,  -1.88,     75,     51,   -.71,  -1.02,  -1.93,    .14,     .5,    .29,    .62,     54,   77.6,
       28,      01,   199810,   3.12,   53.5,  -2.14,  -2.14,  -1.34,  -2.14,      0,    360,    -.1,   -.71,   -.99,   -.33,    .31,    .45,    .23,   43.1,   63.8,
       28,      01,   199811,   1.53,   42.8,  -2.88,  -2.88,  -2.89,  -2.88,      0,    666,  -1.28,   -.95,  -1.27,  -1.39,   -.29,     .1,    .02,   32.1,   53.4,
       28,      01,   199812,   1.02,   38.3,  -3.85,  -3.85,  -3.82,  -3.85,      0,    828,  -1.89,  -2.22,  -1.95,  -2.53,   -.82,   -.32,   -.57,   28.6,     48,
       28,      01,   199901,   7.22,   29.4,  -2.41,  -2.41,   3.15,  -1.12,      0,   1104,   2.08,    .52,   -.27,   -.99,   -.45,    .13,   -.18,   19.7,   39.1,
       28,      01,   199902,   2.78,   33.4,  -2.25,  -2.25,   -.27,  -1.06,      0,    885,   -.06,   1.72,    .38,   -.83,  -1.01,   -.13,   -.12,   23.7,   43.1,
       28,      01,   199903,   5.25,   38.2,  -1.54,  -1.54,   1.42,    .16,      0,    831,    .92,    .64,    1.8,      0,  -1.19,    .02,   -.02,   28.2,   48.2,
       28,      01,   199904,    2.4,   49.4,  -1.98,  -1.98,  -1.78,   -.93,      0,    468,   -.91,    .11,   -.05,   -.24,   -.92,   -.48,   -.17,   36.8,   61.9,
       28,      01,   199905,   3.34,   59.1,  -2.08,  -2.08,   -.93,  -1.33,     16,    199,   -.27,   -.88,   -.13,    .09,    -.8,   -.98,   -.23,   46.7,   71.5,
       28,      01,   199906,   1.15,   69.6,  -2.96,  -2.96,  -3.27,  -2.96,    147,      9,   -2.7,  -1.66,  -1.95,    .02,  -1.03,  -1.72,   -.33,   56.8,   82.4,
       28,      01,   199907,    .89,   77.2,  -4.15,  -4.15,  -4.49,  -4.15,    378,      0,  -2.35,  -3.09,   -2.3,  -1.95,  -1.71,  -1.78,   -.87,   64.4,   90.1,
       28,      01,   199908,   4.78,     72,  -4.01,  -4.01,   -.87,  -4.01,    221,      0,    .32,   -1.2,  -1.98,  -1.59,  -1.21,  -1.53,   -.88,   60.1,   83.8,
       28,      01,   199909,  11.21,   65.5,   1.76,  -1.84,   5.28,    .26,     70,     55,   2.29,   1.82,     .9,   -.22,     .6,   -.22,   -.03,   55.2,   75.8,
       28,      01,   199910,   3.13,   50.9,    1.7,  -1.53,    .36,    .63,      0,    437,   -.09,   1.84,   1.49,   -.05,   -.12,   -.23,    .07,     39,   62.8,
       28,      01,   199911,   2.75,   46.4,   -.44,  -1.81,  -1.32,    -.2,      0,    558,   -.41,   -.42,   1.47,   -.07,   -.23,   -.07,    -.1,   36.5,   56.3,
       28,      01,   199912,   2.72,   35.1,   -.69,  -1.93,    -.9,   -.64,      0,    927,   -.58,   -.79,   -.73,    .23,    -.6,     .2,   -.14,   26.6,   43.6,
       28,      01,   200001,   3.11,   27.3,   -.71,  -1.81,   -.26,   -.63,      0,   1169,   -.05,   -.51,   -.73,    .89,   -.41,   -.43,   -.19,   18.2,   36.4,
       28,      01,   200002,    2.3,   32.3,   -.92,  -1.91,   -.84,   -.99,      0,    916,   -.49,   -.51,   -.76,    .81,   -.45,   -.51,   -.41,     23,   41.5,
       28,      01,   200003,   3.69,   43.8,   -1.1,  -1.99,   -.83,  -1.25,      0,    657,    .02,   -.34,   -.42,   -.87,   -.02,   -.77,   -.47,   32.3,   55.3,
       28,      01,   200004,   3.69,   48.2,   -1.1,  -1.89,   -.33,  -1.19,      0,    504,    .03,      0,   -.33,   -.75,    .55,   -.56,   -.65,   37.7,   58.8,
       28,      01,   200005,   4.63,   60.4,    .03,  -1.67,    .08,   -.94,     24,    167,    .43,    .28,    .21,   -.38,    .68,   -.38,   -.88,   49.1,   71.8,
       28,      01,   200006,   5.03,   68.2,    .37,  -1.16,   1.04,   -.13,    113,     17,    .63,    .66,    .49,    .09,   -.35,    .13,  -1.03,   57.6,   78.7,
       28,      01,   200007,   6.06,     69,    .95,    .95,   1.85,    .95,    136,     12,    .71,    .81,    .79,    .43,   -.05,    .83,   -.65,   58.7,   79.3,
       28,      01,   200008,   5.15,     69,    1.2,    1.2,   1.06,    1.2,    139,     15,    .47,    .68,    .77,    .65,    .18,    .87,   -.45,   59.4,   78.5,
       28,      01,   200009,   4.19,   62.4,   1.22,   1.22,    .43,   1.22,     28,    106,    .27,    .35,     .6,     .7,    .41,    .01,   -.24,   51.5,   73.2,
       28,      01,   200010,   1.02,   52.8,   -.67,   -.67,  -2.02,   -.67,      0,    378,   -1.6,   -.82,   -.38,    .24,    .02,   -.28,   -.45,   40.7,   64.8,
       28,      01,   200011,   3.11,   41.4,   -.87,   -.87,   -.79,   -.87,      0,    708,   -.19,  -1.21,   -.84,    .05,    .05,   -.26,   -.32,   32.3,   50.5,
       28,      01,   200012,    4.6,   26.8,   -.42,   -.42,   1.07,   -.42,      0,   1184,    .54,    .17,   -.68,   -.02,    .25,    .05,    .09,   17.9,   35.8,
       28,      01,   200101,   2.72,   27.4,    -.6,    -.6,   -.67,    -.6,      0,   1166,   -.35,    .15,   -.04,   -.45,    .14,   -.02,   -.29,   18.1,   36.8,
       28,      01,   200102,   2.58,   32.1,   -.69,   -.69,   -.46,   -.69,      0,    921,   -.23,   -.57,   -.03,   -.78,   -.03,    .01,   -.33,   23.3,     41,
       28,      01,   200103,   5.62,   36.1,    .67,    .67,   2.01,    .67,      0,    896,   1.11,    .71,    .35,   -.32,    .06,     .3,    -.3,   27.9,   44.4,
       28,      01,   200104,   1.95,   49.9,   -.76,   -.76,  -2.29,   -.76,      0,    453,  -1.35,    .08,   -.15,   -.14,   -.54,    .01,   -.35,     38,   61.8,
       28,      01,   200105,   3.84,   60.4,    -.9,    -.9,   -.63,    -.9,     24,    167,    .02,   -.86,    .02,   -.08,   -.68,   -.12,   -.36,   48.5,   72.3,
       28,      01,   200106,   5.77,     69,   -.23,   -.23,   1.72,    .57,    132,     12,    .95,    .64,   -.07,     .1,   -.32,   -.06,    .08,   57.5,   80.5,
       28,      01,   200107,   2.97,   69.5,   -.52,   -.52,   -.94,   -.52,    149,      9,   -.83,    .06,   -.03,   -.17,   -.19,   -.48,    .27,   57.6,   81.3,
       28,      01,   200108,   3.13,   73.9,  -1.02,  -1.02,  -1.65,  -1.02,    276,      0,   -.52,  -1.01,   -.33,   -.35,   -.39,   -.74,    .11,   62.7,   85.2,
       28,      01,   200109,    4.2,   63.2,   -.94,   -.94,   -.07,   -.88,     37,     91,    .27,   -.25,    -.7,   -.63,   -.46,   -.68,   -.56,     51,   75.3,
       28,      01,   200110,    .72,   53.6,   -1.9,   -1.9,  -3.17,   -1.9,      0,    357,  -1.97,   -.95,  -1.13,   -.85,   -.88,   -.77,   -.81,   40.8,   66.4,
       28,      01,   200111,   1.16,   46.7,  -2.88,  -2.88,  -3.55,  -2.88,      0,    549,  -1.59,  -2.76,  -1.59,  -1.42,  -1.23,  -1.22,   -.98,     35,   58.3,
       28,      01,   200112,   2.44,     39,  -3.52,  -3.52,  -2.81,  -3.52,      0,    806,   -.78,  -1.67,  -2.69,  -2.08,     -2,  -1.61,   -.92,   29.5,   48.5,
       28,      01,   200201,   1.91,   34.8,  -3.94,  -3.94,  -2.35,  -3.94,      0,    936,   -1.1,   -1.3,  -2.24,  -2.05,  -1.74,  -1.69,     -1,   25.9,   43.6,
       28,      01,   200202,    .85,   36.5,  -4.57,  -4.57,  -3.09,  -4.57,      0,    798,   -2.7,  -2.21,  -2.46,  -2.72,  -2.35,  -2.03,  -1.13,   25.5,   47.5,
       28,      01,   200203,   3.76,   40.6,  -4.23,  -4.23,   -.42,  -4.23,      0,    756,    .07,   -1.2,  -1.83,  -3.09,  -2.56,  -2.61,  -1.16,   30.1,   51.1,
       28,      01,   200204,   4.12,     52,  -3.91,  -3.91,   -.35,  -3.91,      0,    390,    .29,     .2,    -.7,  -2.16,     -2,  -1.87,  -1.08,   40.1,   63.9,
       28,      01,   200205,   5.15,   56.9,   -3.2,   -3.2,    .94,  -2.77,      8,    259,    .68,    .63,    .52,   -.93,  -1.78,  -1.58,  -1.06,   45.1,   68.7,
       28,      01,   200206,   5.27,   68.5,  -2.45,  -2.45,   1.25,  -1.49,    120,     15,    .74,    .89,    .83,   -.26,  -1.62,  -1.62,  -1.09,   56.9,   80.2,
       28,      01,   200207,   1.54,   74.7,  -3.12,  -3.12,  -2.75,  -3.12,    301,      0,   -1.8,   -.65,    -.2,   -.66,  -1.58,  -1.75,  -1.63,   62.9,   86.4,
       28,      01,   200208,   3.93,   74.3,  -3.28,  -3.28,  -1.45,  -3.28,    288,      0,   -.07,   -1.3,   -.66,   -.25,  -1.18,  -1.64,  -1.82,   62.3,   86.2,
       28,      01,   200209,   4.47,   66.1,  -3.03,  -3.03,   -.26,  -3.03,     80,     47,    .38,    .09,   -.81,   -.08,    -.8,  -1.71,  -1.77,   54.4,   77.8,
       28,      01,   200210,   6.81,   51.1,   1.03,  -1.68,   3.09,   -.36,      0,    431,   1.32,   1.12,    .77,    .43,    .04,   -.74,  -1.13,   41.4,   60.8,
       28,      01,   200211,   4.69,   41.2,   1.21,  -1.23,    .85,    .42,      0,    714,    .67,   1.35,   1.21,    .44,    .55,   -.22,   -.96,   32.4,     50,
       28,      01,   200212,   4.57,   30.8,   1.43,   -.75,   1.04,   1.21,      0,   1060,    .53,    .77,   1.38,    .33,    .69,    .12,   -.87,   22.8,   38.8,
       28,      01,   200301,   2.77,   23.7,   1.08,   -.88,   -.62,    .75,      0,   1280,   -.31,    .16,    .49,    .81,    .54,    .22,   -.82,   16.1,   31.3,
       28,      01,   200302,   4.25,   25.7,   1.55,   1.55,   1.76,   1.55,      0,   1100,    .98,    .35,    .57,    1.3,    .57,    .68,   -.66,   17.4,   34.1,
       28,      01,   200303,   4.36,   38.7,   1.53,   1.53,    .42,   1.53,      0,    815,    .43,    .88,    .52,    1.3,    .46,    .77,    -.8,   26.8,   50.6,
       28,      01,   200304,   2.59,   46.7,    .95,    .95,  -1.27,    .21,      0,    549,   -.75,   -.18,    .22,    .46,    .73,    .52,   -.72,   36.1,   57.3,
       28,      01,   200305,   3.98,   56.3,    .84,    .84,   -.04,    .04,      6,    276,     .1,   -.46,   -.15,    .21,    .89,    .34,   -.76,   46.2,   66.2,
       28,      01,   200306,   9.29,   65.5,   2.72,   2.72,   5.91,   2.72,     63,     48,   2.18,   1.67,   1.18,   1.18,   1.54,    .89,   -.44,   55.7,   75.3,
       28,      01,   200307,   3.76,   72.8,   2.25,   2.25,   -.58,   1.94,    242,      0,   -.38,   1.36,   1.11,   1.02,      1,   1.16,   -.39,   61.9,   83.6,
       28,      01,   200308,   5.93,   73.4,   2.36,   2.36,   1.02,   2.36,    260,      0,    .76,    .25,   1.37,    .96,   1.05,   1.39,   -.13,   63.5,   83.3,
       28,      01,   200309,   7.89,   64.7,   3.19,   3.19,   3.23,   3.19,     58,     67,   1.49,    1.4,   1.04,   1.42,   1.47,   1.65,    .24,   55.6,   73.8,
       28,      01,   200310,   5.84,   50.7,   3.93,   3.93,   3.19,   3.93,      0,    443,   1.01,    1.7,   1.58,   1.88,   1.81,   1.63,    .72,   39.5,   61.8,
       28,      01,   200311,   4.48,   46.3,   3.61,   3.61,    .27,   3.61,      0,    561,    .56,   1.04,   1.72,   1.97,   1.73,   1.72,   1.01,   37.2,   55.4,
       28,      01,   200312,   6.12,   33.3,   4.07,   4.07,   2.49,   4.07,      0,    983,   1.31,   1.26,   1.47,    1.7,   1.81,   1.82,   1.27,     25,   41.6,
       28,      01,   200401,   2.19,   21.8,   3.24,   3.24,  -1.23,   2.71,      0,   1339,   -.81,    .55,    .72,   1.73,   1.88,   1.78,   1.24,   14.1,   29.4,
       28,      01,   200402,   2.42,   30.6,   2.68,   2.68,   -.67,   1.84,      0,    963,   -.38,   -.98,    .28,   1.57,   1.88,   1.59,   1.35,   21.1,     40,
       28,      01,   200403,   2.91,   40.9,   1.95,   1.95,  -1.36,    .58,      0,    747,   -.51,   -.72,  -1.22,    .66,   1.14,   1.43,   1.31,   31.1,   50.7,
       28,      01,   200404,   4.94,   50.4,   1.98,   1.98,    .67,    .85,      0,    438,    .73,    .19,   -.11,    .42,   1.45,   1.69,   1.31,   39.3,   61.4,
       28,      01,   200405,   4.64,   63.9,   1.66,   1.66,   -.33,    .43,     64,     98,    .44,    .74,    .36,    .37,   1.36,   1.79,   1.35,   51.9,   75.9,
       28,      01,   200406,   3.19,     67,   1.24,   1.24,   -.77,   -.22,     88,     28,   -.38,    .02,    .31,   -.47,    .62,   1.04,   1.19,   56.2,   77.8,
       28,      01,   200407,   8.47,     71,    2.3,    2.3,   3.58,   1.89,    191,      0,   1.64,    .97,    .93,    .68,    .86,   1.65,   1.83,     61,   80.9,
       28,      01,   200408,   4.97,   70.9,    2.3,    2.3,     .7,   2.06,    190,      7,     .4,   1.23,    .86,    .81,    .78,   1.46,   2.01,   61.1,   80.6,
       28,      01,   200409,   8.67,   65.7,   3.37,   3.37,   3.92,   3.37,     73,     52,    1.7,   1.36,   1.82,   1.63,   1.12,   1.45,   2.21,   55.4,     76,
       28,      01,   200410,   1.74,   51.9,   2.63,   2.63,  -1.18,    2.1,      0,    406,   -.94,    .89,    .81,   1.16,    .99,   1.06,   1.82,   42.1,   61.6,
       28,      01,   200411,   4.38,   44.7,   2.46,   2.46,     .3,      2,      0,    609,    .51,   -.32,    .93,   1.18,   1.16,   1.13,   1.88,   34.9,   54.4,
       28,      01,   200412,   3.97,   32.8,   2.35,   2.35,    .43,      2,      0,    998,    .19,    .42,   -.23,   1.41,   1.25,    .84,   1.67,   23.9,   41.7,
       28,      01,   200501,   4.99,   26.7,   2.68,   2.68,   1.73,   2.68,      0,   1187,   1.08,    .79,    .88,   1.08,   1.33,   1.17,   1.74,   18.4,   35.1,
       28,      01,   200502,   2.54,   31.9,   2.24,   2.24,   -.51,   1.96,      0,    927,   -.27,     .6,    .54,   1.04,   1.23,   1.19,   1.65,     22,   41.9,
       28,      01,   200503,   4.32,   34.7,   2.25,   2.25,    .74,   2.22,      0,    939,    .41,    .11,    .69,    .23,   1.54,   1.37,   1.67,   25.3,   44.1,
       28,      01,   200504,   4.88,   51.6,   2.18,   2.18,    .47,   2.18,      0,    402,     .7,    .68,    .41,    .83,   1.07,   1.33,   1.76,   38.1,     65,
       28,      01,   200505,   1.75,   55.5,   -.65,    1.3,  -1.94,    .37,      0,    299,  -1.38,   -.44,   -.14,     .2,    .68,    .96,   1.74,   43.4,   67.7,
       28,      01,   200506,   3.58,   71.4,    -.9,    .85,   -.96,   -.51,    196,      0,   -.13,  -1.13,   -.54,      0,   -.15,   1.03,   1.28,     60,   82.8,
       28,      01,   200507,   3.94,   74.3,  -1.18,  -1.18,  -1.13,  -1.18,    288,      0,   -.28,   -.38,   -.99,   -.58,    .02,    .37,   1.35,   63.9,   84.7,
       28,      01,   200508,   1.92,   74.9,  -2.16,  -2.16,   -3.3,  -2.16,    307,      0,  -1.61,  -1.12,  -1.06,   -.98,   -.62,   -.03,   1.04,   64.2,   85.6,
       28,      01,   200509,    1.6,   68.5,  -2.95,  -2.95,  -3.02,  -2.95,    125,     20,  -1.36,  -2.01,  -1.78,  -1.73,   -1.1,   -.97,    .45,   55.5,   81.4,
       28,      01,   200510,  14.18,   54.3,   3.26,   3.26,   9.78,   3.26,      0,    336,   3.09,   2.14,   1.25,     .4,     .5,    .75,   1.19,   45.8,   62.9,
       28,      01,   200511,   4.21,     45,   2.97,   2.97,    .13,   2.96,      0,    600,    .43,   2.84,    2.1,    .88,    .65,    .77,   1.18,   33.6,   56.3,
       28,      01,   200512,    3.6,   29.6,   2.69,   2.69,     .1,   2.66,      0,   1097,   -.03,    .21,   2.61,    .94,    .56,    .72,    .93,   20.8,   38.4,
       28,      01,   200601,   5.43,     36,   3.07,   3.07,   1.97,   3.07,      0,    899,    1.3,    .82,    .85,   1.47,    .69,    .76,   1.14,   26.4,   45.7,
       28,      01,   200602,   1.98,   32.2,   -.42,   2.34,  -1.26,   1.76,      0,    918,   -.82,    .54,    .38,   1.96,    .89,    .68,    1.1,   22.8,   41.6,
       28,      01,   200603,    .88,   39.7,  -1.51,    .96,  -3.41,  -1.03,      0,    784,  -2.48,  -2.84,   -.81,   1.76,    .52,    .23,    .96,   29.6,   49.8,
       28,      01,   200604,   3.96,   51.6,  -1.51,     .7,   -.46,  -1.34,      0,    402,     .2,  -1.31,  -1.56,   -.27,    .61,    .06,    .83,   38.5,   64.8,
       28,      01,   200605,   3.52,   60.1,  -1.65,  -1.65,   -.88,  -1.65,     22,    174,   -.16,   -.06,  -1.22,   -.59,   1.03,    .28,    .75,   48.1,     72,
       28,      01,   200606,   8.99,   68.5,   1.74,   1.74,   5.21,   1.74,    120,     15,   2.09,   1.47,   1.34,    .64,   1.97,   1.02,   1.27,   58.8,   78.2,
       28,      01,   200607,   4.63,   75.1,   1.54,   1.54,   -.05,   1.44,    313,      0,    .06,   1.51,   1.14,    .11,    .51,   1.08,    .99,   64.7,   85.4,
       28,      01,   200608,   4.39,   71.8,   1.34,   1.34,   -.12,   1.11,    215,      0,    .15,    .05,   1.17,    .28,    .36,   1.37,    .98,   61.1,   82.6,
       28,      01,   200609,   5.09,   62.3,   1.53,   1.53,    .99,   1.53,     27,    108,    .62,    .39,    .32,    .99,    .58,   1.65,    .63,   52.6,   71.9,
       28,      01,   200610,   6.64,   51.6,   2.68,   2.68,   3.92,   2.68,      0,    415,   1.27,   1.23,    .95,    1.4,    .71,     .9,   1.07,   40.4,   62.7,
       28,      01,   200611,   5.54,   47.6,   2.79,   2.79,   1.14,   2.79,      0,    522,   1.07,   1.52,   1.51,   1.72,   1.12,   1.13,   1.18,   38.7,   56.5,
       28,      01,   200612,   2.32,   39.8,   1.97,   1.97,   -1.6,   1.24,      0,    781,   -.86,    .23,   1.01,     .8,   1.27,    .95,      1,   30.3,   49.3,
       28,      01,   200701,    3.2,   33.8,   1.68,   1.68,   -.25,    .81,      0,    967,    .02,   -.67,    .18,     .8,   1.24,    .65,    .83,   25.4,   42.1,
       28,      01,   200702,   1.77,   24.5,      1,      1,  -1.53,   -.49,      0,   1134,  -1.07,   -.77,  -1.17,    .67,   1.19,    .62,    .75,   16.4,   32.7,
       28,      01,   200703,   4.33,     38,   1.05,   1.05,    .45,   -.22,      0,    837,    .41,   -.28,   -.33,    .63,    .54,   1.07,    .77,   26.2,   49.8,
       28,      01,   200704,   9.43,   46.7,   2.82,   2.82,   5.66,   2.82,      0,    549,   2.48,   1.98,   1.55,   1.12,   1.45,    1.7,   1.07,   36.6,   56.9,
       28,      01,   200705,   1.62,   61.6,   1.61,   1.61,  -2.76,    .41,     35,    140,  -1.49,   1.21,   1.15,    .25,   1.13,   1.48,    1.1,   47.6,   75.5,
       28,      01,   200706,    4.5,   69.3,   1.49,   1.49,    .13,    .34,    140,     11,    .37,   -.72,    1.1,    .66,      1,    .92,    1.2,   57.4,   81.1,
       28,      01,   200707,   5.94,   71.8,   1.67,   1.67,      1,    .89,    214,      0,    .66,    .61,   -.17,    .89,    .74,   1.06,   1.43,     61,   82.6,
       28,      01,   200708,   5.82,   71.2,   1.87,   1.87,   1.12,   1.46,    198,      6,    .72,    .82,    .78,   1.27,    .62,   1.22,   1.84,   60.7,   81.7,
       28,      01,   200709,    1.1,     66,    .81,    .81,  -2.59,   -.58,     78,     48,  -2.03,   -.39,    .02,    .64,    .39,    .72,   1.69,   53.8,   78.1,
       28,      01,   200710,   6.36,   60.1,   1.33,   1.33,   1.81,    .61,     26,    178,   1.18,    .01,    .36,    .11,    .83,    .73,   1.06,   49.6,   70.6,
       28,      01,   200711,   3.14,   40.9,   1.01,   1.01,   -.55,     .1,      0,    723,   -.17,    .81,   -.17,    .46,    .92,    .46,    .96,   31.7,   50.1,
       28,      01,   200712,   5.54,   32.7,   1.56,   1.56,   1.95,   1.15,      0,   1001,   1.03,    .55,   1.14,    .67,   1.07,    .87,   1.09,   25.7,   39.6,
       28,      01,   200801,   1.89,   31.8,    .88,    .88,  -1.55,   -.15,      0,   1029,  -1.12,     .2,    .01,    .16,    .05,    .69,    .79,     23,   40.6,
       28,      01,   200802,   6.33,   31.7,    2.3,    2.3,   4.52,    2.3,      0,    932,   2.07,    .93,   1.24,    .63,    .91,   1.26,   1.11,   22.6,   40.9,
       28,      01,   200803,   5.38,   38.9,   2.56,   2.56,   1.49,   2.56,      0,    809,    .98,   1.98,   1.29,    1.5,   1.13,   1.39,   1.46,   28.5,   49.2,
       28,      01,   200804,    2.7,   51.7,   -.58,   1.71,  -1.75,     .9,      0,    399,   -.66,    .28,   1.24,    .81,     .7,    .51,   1.31,   39.3,   64.2,
       28,      01,   200805,   4.25,   55.9,   -.44,   1.62,    .25,    .88,      6,    288,    .24,   -.29,    .31,    .98,    .59,    .84,   1.45,   43.8,     68,
       28,      01,   200806,   3.38,   71.1,   -.76,   1.08,   -1.1,   -.12,    188,      0,   -.26,   -.06,   -.49,    .45,    .95,    .69,   1.01,   59.4,   82.9,
       28,      01,   200807,   4.24,   74.4,    -.9,    .75,   -.65,   -.67,    291,      0,   -.13,   -.34,   -.23,    .62,    .45,    .42,   1.02,   63.1,   85.6,
       28,      01,   200808,   2.57,   69.4,  -1.44,  -1.44,   -1.9,  -1.44,    149,     13,   -.93,   -.72,   -.82,   -.51,    .17,      0,    .89,     57,   81.8,
       28,      01,   200809,   6.98,   65.5,    .66,   -.63,   1.98,    .52,     70,     55,   1.24,    .41,    .24,   -.15,    .39,    .79,   1.02,   54.9,   76.1,
       28,      01,   200810,   3.76,     51,    .87,    .87,    .83,    .87,      0,    434,    .21,    .98,    .37,    .08,    .64,    .51,    .78,     39,   63.1,
       28,      01,   200811,   2.83,   41.9,    .48,    .48,    -.9,    .48,      0,    693,   -.36,   -.14,    .63,    -.1,   -.03,     .5,    .52,   33.8,   50.1,
       28,      01,   200812,   6.61,   33.4,   1.42,   1.42,   2.96,   1.42,      0,    980,   1.54,    .84,    .67,    .51,    .22,    .64,     .9,   24.6,   42.1,
       28,      01,   200901,   2.51,   23.5,    -.3,    .97,   -.89,     .4,      0,   1286,   -.52,    .85,    .46,    .44,    .24,     .7,    .82,   15.2,   31.8,
       28,      01,   200902,    .73,   32.4,  -1.24,  -1.24,  -2.93,  -1.24,      0,    913,  -3.09,  -1.87,   -.05,    .43,   -.17,   -.07,    .72,   22.3,   42.5,
       28,      01,   200903,    1.8,   38.9,   -1.9,   -1.9,  -2.34,   -1.9,      0,    809,  -1.43,  -3.09,  -2.99,    -.7,   -.47,   -.62,    .53,   28.3,   49.6,
       28,      01,   200904,   3.11,   51.1,  -2.12,  -2.12,  -1.26,  -2.12,      0,    417,   -.35,  -1.26,  -2.17,   -.95,   -.54,   -.56,   -.03,   39.6,   62.6,
       28,      01,   200905,   4.78,   59.8,    .09,  -1.81,    .28,  -1.62,     20,    181,    .51,    .11,   -.62,   -.54,   -.03,   -.49,     .2,   48.8,   70.7,
       28,      01,   200906,   7.63,   66.1,   1.44,   1.44,   4.07,   1.44,     72,     39,   1.65,   1.45,   1.09,   -.39,    .13,    .08,    .51,   56.9,   75.2,
       28,      01,   200907,   5.74,   69.8,   1.79,   1.79,   1.49,   1.79,    157,      8,    .57,   1.45,   1.38,    .07,    .26,    .27,    .51,   59.1,   80.6,
       28,      01,   200908,   6.82,   72.9,   2.33,   2.33,   2.18,   2.33,    248,      0,   1.05,   1.02,   1.62,    .95,    .76,    .85,    .61,   63.2,   82.6,
       28,      01,   200909,   2.48,   62.7,   1.74,   1.74,  -1.04,   1.23,     32,    101,   -.63,    .34,    .52,    .99,    .04,    .31,    .72,   52.7,   72.7,
       28,      01,   200910,   5.41,   51.1,   2.39,   2.39,   2.48,   2.39,      0,    431,    .86,    .15,    .67,   1.34,    .47,    .55,    .65,   41.6,   60.6,
       28,      01,   200911,   1.49,   47.5,   1.29,   1.29,  -2.56,    .12,      0,    525,  -1.31,   -.03,   -.52,     .9,    .48,     .4,    .48,   38.9,   56.2,
       28,      01,   200912,   6.49,   31.8,   2.13,   2.13,    2.9,   2.13,      0,   1029,   1.49,    .27,    .72,    .76,   1.13,    .39,    .59,   23.8,   39.7,
       28,      01,   201001,    2.6,     29,   1.64,   1.64,    -.8,   1.21,      0,   1116,   -.45,    .84,    .02,    .44,   1.13,    .38,    .64,   20.8,   37.2,
       28,      01,   201002,   4.14,   30.1,   2.01,   2.01,   1.61,   2.01,      0,    977,    .91,    .21,   1.09,    .25,   1.22,    .82,    .44,   23.3,   36.9,
       28,      01,   201003,   8.84,   44.6,   3.33,   3.33,    4.6,   3.33,      0,    632,    2.5,   2.37,   1.89,   1.55,   1.53,   1.67,    .74,   34.5,   54.7,
       28,      01,   201004,   2.93,   54.2,   -.61,   2.38,  -1.83,   1.59,      0,    324,   -.48,   1.47,   1.66,    1.1,   1.19,   1.64,     .7,     41,   67.3,
       28,      01,   201005,   3.41,   62.7,   -.98,   1.71,  -1.29,    .38,     47,    118,   -.23,   -.58,    1.1,   1.41,    .78,   1.49,    .63,   50.8,   74.6,
       28,      01,   201006,   2.68,   71.5,  -1.51,     .9,  -1.91,  -1.13,    199,      0,   -.75,   -.73,   -.99,     .6,    .81,    .86,    .61,   59.8,   83.1,
       28,      01,   201007,   4.06,   76.5,  -1.82,  -1.82,  -1.39,  -1.82,    356,      0,   -.22,   -.68,   -.72,    .57,    .41,    .59,    .62,   64.8,   88.2,
       28,      01,   201008,   3.25,   72.8,  -2.27,  -2.27,  -1.92,  -2.27,    245,      0,   -.45,   -.53,   -.88,    .04,    .53,    .12,     .7,   62.1,   83.5,
       28,      01,   201009,   3.36,   66.8,  -2.47,  -2.47,   -1.3,  -2.47,     91,     37,   -.12,    -.5,   -.58,  -1.16,   -.02,     .3,    .36,   55.2,   78.5,
       28,      01,   201010,   5.97,   53.9,    .52,  -1.69,   1.56,   -.96,      0,    348,   1.06,    .59,     .2,    -.4,    .49,    .39,    .57,   43.3,   64.6,
       28,      01,   201011,   2.44,     43,   -.49,  -2.01,  -1.48,  -1.86,      0,    660,   -.61,    .48,    .16,   -.51,    .11,    .54,    .51,   33.2,   52.8,
       28,      01,   201012,   3.79,   29.1,    .09,  -1.71,    .28,  -1.37,      0,   1113,    .09,   -.45,     .4,   -.27,   -.69,    .18,    .29,   21.5,   36.6,
       28,      01,   201101,   3.24,   24.8,    .04,  -1.58,   -.12,  -1.23,      0,   1246,    .04,    .03,   -.38,   -.19,   -.56,    .25,    .36,   16.1,   33.4,
       28,      01,   201102,   3.35,   30.7,    .23,  -1.23,    .56,    -.6,      0,    960,    .38,    .13,    .15,    .15,   -.43,    .13,    .55,     20,   41.5,
       28,      01,   201103,   6.91,     39,   1.24,   1.24,   3.12,   1.24,      0,    806,   1.71,    1.5,   1.26,    .99,    .29,   -.14,    .97,   29.2,   48.8,
       28,      01,   201104,   6.62,   51.6,   1.86,   1.86,   2.23,   1.86,      0,    402,   1.48,   1.93,   1.92,   1.07,    .81,    .34,   1.18,   41.6,   61.5,
       28,      01,   201105,   5.28,   62.1,   1.82,   1.82,    .46,   1.82,     40,    130,    .74,   1.47,   1.93,   1.55,   1.29,    .58,   1.29,   51.7,   72.5,
       28,      01,   201106,   4.68,   69.6,   1.79,   1.79,    .48,   1.79,    147,      9,    .46,    .75,   1.37,   1.74,   1.41,    .84,   1.07,   59.1,   80.1,
       28,      01,   201107,   3.51,   76.1,   1.21,   1.21,  -1.19,    .56,    344,      0,   -.52,   -.13,    .21,   1.45,    .93,    .73,    .92,   64.6,   87.6,
       28,      01,   201108,  15.66,   71.9,   4.38,   4.38,   9.87,   4.38,    218,      0,   3.02,   2.41,   2.33,   3.09,   2.81,   2.31,   1.75,   61.5,   82.2,
       28,      01,   201109,   10.1,   66.8,   5.61,   5.61,   5.03,   5.61,     91,     37,   2.04,   3.09,   2.84,   2.97,   3.09,   2.64,   2.24,   58.7,   74.9,
       28,      01,   201110,   4.66,   54.1,   5.56,   5.56,   1.61,   5.56,      0,    342,    .58,   1.93,   3.09,   2.79,   3.09,   2.62,   2.19,   44.2,     64,
       28,      01,   201111,   3.93,   46.4,   4.91,   4.91,   -.24,   4.77,      0,    558,    .28,    .53,   1.82,   2.62,   3.09,   2.94,   2.55,   35.4,   57.5,
       28,      01,   201112,   4.55,   37.9,   4.64,   4.64,     .7,   4.64,      0,    840,    .52,    .47,    .66,   2.96,   2.72,   2.87,   2.12,   28.6,   47.3,
       28,      01,   201201,   3.03,   32.5,   -.12,   4.04,   -.36,   3.84,      0,   1008,   -.11,    .26,    .32,   3.09,   2.55,   2.94,   2.03,   23.6,   41.4,
       28,      01,   201202,   1.07,   36.9,  -1.06,   2.67,  -2.85,   1.35,      0,    787,  -2.17,   -1.3,   -.53,   1.25,   2.27,   2.76,   1.86,   27.6,   46.3,
       28,      01,   201203,   1.33,   48.3,  -2.24,   1.11,  -3.87,  -1.63,      0,    518,  -1.92,  -3.09,  -2.64,   -.61,   2.12,   2.19,   1.34,   37.2,   59.4,
       28,      01,   201204,   2.87,   50.9,  -2.53,  -2.53,  -1.57,  -2.53,      0,    423,   -.53,  -1.77,  -2.39,   -1.2,    2.2,    1.8,   1.28,     39,   62.9,
       28,      01,   201205,   5.15,   63.9,  -2.23,  -2.23,    .13,  -2.11,     64,     98,    .68,    .16,   -.76,     -1,    .59,   1.81,    1.5,   54.1,   73.8,
       28,      01,   201206,   3.54,   68.4,  -2.19,  -2.19,   -.58,  -2.19,    118,     16,   -.16,    .33,   -.07,  -1.44,   -.53,   1.76,   1.58,   57.3,   79.4,
       28,      01,   201207,   3.89,     76,   -2.3,   -2.3,  -1.01,   -2.3,    341,      0,   -.31,   -.41,   -.03,  -1.38,   -.92,   1.75,   1.64,   64.7,   87.3,
       28,      01,   201208,   3.89,   72.9,  -2.44,  -2.44,  -1.12,  -2.44,    248,      0,   -.09,   -.36,   -.49,   -.92,  -1.11,    .15,   1.77,     62,   83.8,
       28,      01,   201209,   4.91,   65.1,  -2.08,  -2.08,    .32,  -1.88,     64,     61,    .55,     .2,   -.03,   -.12,  -1.06,   -.49,   1.79,   54.5,   75.7,
       28,      01,   201210,   4.99,   54.9,  -1.47,  -1.47,   1.18,   -.71,      5,    319,    .71,    .75,    .47,    .29,   -.72,   -.46,   1.73,   46.1,   63.6,
       28,      01,   201211,   1.12,   39.9,   -2.1,   -2.1,  -2.33,   -2.1,      0,    753,  -1.62,   -.32,   -.05,   -.38,   -.79,  -1.02,   1.68,     31,   48.8,
       28,      01,   201212,   5.42,   37.7,  -1.36,  -1.36,   1.55,   -.59,      0,    846,    .97,   -.32,    .21,   -.01,   -.02,    -.8,   1.67,   30.3,   45.1,
       28,      01,   201301,   3.03,   31.4,  -1.34,  -1.34,   -.34,   -.68,      0,   1042,   -.11,     .6,   -.34,    .07,    .05,    -.8,   1.58,   23.6,   39.2,
       28,      01,   201302,   2.35,   30.2,  -1.46,  -1.46,   -.76,  -1.08,      0,    974,   -.44,   -.53,     .3,    .07,   -.26,   -.59,   1.52,   22.7,   37.7,
       28,      01,   201303,   2.58,   37.2,  -1.75,  -1.75,  -1.35,  -1.75,      0,    862,   -.76,   -.98,   -.98,   -.36,   -.44,    -.4,   1.22,     29,   45.5,
       28,      01,   201304,   2.23,     50,  -2.25,  -2.25,  -2.02,  -2.25,      0,    450,  -1.07,  -1.33,  -1.39,  -1.22,   -.61,   -.51,    .83,   38.5,   61.6,
       28,      01,   201305,   4.85,   59.7,    .12,   -1.9,    .35,  -1.67,     19,    184,    .54,   -.23,   -.63,    -.3,   -.33,   -.57,    .81,   48.2,   71.2,
       28,      01,   201306,   8.53,   69.6,   1.63,   1.63,   4.57,   1.63,    147,      9,   1.95,   1.69,   1.12,    .36,    .36,    .11,   1.16,   58.9,   80.3,
       28,      01,   201307,   4.84,   76.4,   1.46,   1.46,   -.01,   1.38,    353,      0,    .16,   1.45,   1.39,    .42,    .12,    .23,   1.33,   67.3,   85.5,
       28,      01,   201308,   4.77,   69.9,   1.45,   1.45,    .43,   1.45,    162,     10,    .32,    .23,    1.2,    .56,    .57,    .36,    .37,   59.9,   79.8,
       28,      01,   201309,   2.23,   62.8,   -.46,    .84,  -1.39,    .01,     33,     99,   -.81,   -.36,   -.25,    .48,    .01,    .08,   -.38,     51,   74.6,
       28,      01,   201310,   1.01,   55.4,   -1.4,   -1.4,  -2.94,   -1.4,      6,    304,  -1.61,  -1.78,  -1.15,    .27,   -.39,   -.49,   -.75,   44.5,   66.3,
       28,      01,   201311,   3.22,   40.8,  -1.61,  -1.61,  -1.06,  -1.61,      0,    726,   -.12,  -1.16,  -1.46,    .06,   -.34,   -.21,   -.84,     31,   50.7,
       28,      01,   201312,   4.21,   32.8,     .2,  -1.24,     .6,   -.86,      0,    998,    .33,    .05,   -.79,    -.8,      0,   -.36,   -.78,   24.3,   41.2,
       28,      01,   201401,   3.13,   22.9,     .1,  -1.19,   -.24,   -.86,      0,   1305,   -.03,    .16,    .01,   -.92,    .18,   -.36,   -.72,   13.2,   32.5,
       28,      01,   201402,   4.76,   25.9,     .9,     .9,   2.43,     .9,      0,   1095,   1.27,    .77,    .74,    -.7,    .33,   -.01,   -.39,   16.2,   35.6,
       28,      01,   201403,   3.32,   32.5,    .75,    .75,   -.18,    .75,      0,   1008,   -.22,    .66,    .46,   -.32,   -.57,    .11,   -.21,   22.5,   42.4,
       28,      01,   201404,   4.65,   48.9,    .86,    .86,    .56,    .86,      0,    483,    .58,    .24,    .73,    .47,   -.47,     .4,   -.07,   36.6,   61.1,
       28,      01,   201405,   5.19,   60.9,    .94,    .94,    .52,    .94,     28,    155,     .7,    .83,    .56,    .81,   -.29,    .43,   -.12,   49.9,   71.8,
       28,      01,   201406,   4.34,   69.1,    .91,    .91,    .18,    .91,    135,     12,    .29,    .62,    .73,    .78,    .15,   -.19,   -.02,   57.8,   80.3,
       28,      01,   201407,   5.53,   72.9,   1.12,   1.12,    .91,   1.12,    245,      0,    .48,    .43,    .63,    .93,    .69,    -.1,    .13,   62.3,   83.5,
       28,      01,   201408,   2.33,   69.7,   -.56,   -.56,  -1.67,   -.56,    157,     11,  -1.14,   -.34,   -.24,    .08,    .37,    -.4,   -.03,   58.3,     81,
       28,      01,   201409,   1.36,   65.4,  -1.35,  -1.35,  -2.56,  -1.35,     68,     56,  -1.64,   -1.9,  -1.06,    -.3,   -.13,   -.45,   -.35,     54,   76.7,
       28,      01,   201410,   4.13,   55.6,  -1.32,  -1.32,    -.3,  -1.32,      7,    298,    .37,   -.71,  -1.22,   -.37,   -.01,   -.02,   -.44,   45.8,   65.5,
       28,      01,   201411,   3.71,   39.9,   -1.3,   -1.3,   -.37,   -1.3,      0,    753,    .16,    .29,   -.57,   -.58,   -.29,    .04,   -.22,   30.9,   48.8,
       28,      01,   201412,   4.07,   36.5,  -1.06,  -1.06,    .32,   -.79,      0,    884,    .25,    .19,    .32,   -.62,   -.09,    .05,   -.26,   29.9,   43.1,
       28,      01,   201501,    3.8,   24.6,   -.79,   -.79,    .47,   -.17,      0,   1252,    .41,    .38,    .35,   -.74,   -.18,    .12,   -.16,     16,   33.2,
       28,      01,   201502,   1.87,   18.8,  -1.18,  -1.18,   -1.4,  -1.18,      0,   1294,   -.95,   -.37,   -.09,   -.61,   -.61,   -.31,   -.22,    8.4,   29.2,
       28,      01,   201503,   3.89,     33,   -.92,   -.92,     .4,   -.58,      0,    992,    .15,   -.47,   -.21,    .13,   -.71,   -.22,   -.11,     23,   42.9,
       28,      01,   201504,   2.39,   49.7,  -1.44,  -1.44,  -1.82,  -1.44,      0,    459,   -.92,   -.49,   -.95,   -.35,  -1.11,   -.59,   -.11,     38,   61.5,
       28,      01,   201505,   1.45,   64.9,  -2.39,  -2.39,   -3.3,  -2.39,     78,     81,  -1.64,  -2.15,  -1.55,  -1.17,  -1.27,  -1.16,   -.46,   51.9,   77.8,
       28,      01,   201506,   7.18,   68.2,  -1.13,  -1.13,   3.03,    .25,    113,     17,   1.49,    .31,   -.25,   -.39,   -.09,   -.76,   -.59,   58.3,   78.2,
       28,      01,   201507,   3.16,   73.6,  -1.42,  -1.42,  -1.21,   -.56,    267,      0,   -.72,    .58,   -.25,   -.84,    -.5,  -1.06,   -.79,   62.9,   84.3,
       28,      01,   201508,   2.63,   72.8,  -1.97,  -1.97,   -2.1,   -1.9,    245,      0,   -.88,  -1.15,   -.03,   -.91,    -.9,   -.99,  -1.05,   60.6,   84.9,
       28,      01,   201509,   4.03,   69.1,  -2.05,  -2.05,   -.85,  -2.05,    139,     16,     .2,   -.48,   -.85,   -.87,   -.92,   -.56,   -.83,   57.2,   80.9,
       28,      01,   201510,    3.8,   52.6,  -1.95,  -1.95,   -.31,  -1.95,      0,    384,    .23,    .13,   -.35,    -.5,   -.96,   -.65,   -.54,   40.9,   64.2,
       28,      01,   201511,   1.95,   47.5,  -2.59,  -2.59,  -2.55,  -2.59,      0,    525,   -.95,   -.47,    -.4,    -.3,  -1.02,  -1.04,   -.69,   37.1,   57.9,
       28,      01,   201512,    4.5,   44.9,  -2.43,  -2.43,   -.32,  -2.43,      0,    623,    .49,   -.36,   -.17,   -.84,   -.85,    -.9,   -.57,   36.8,     53,
       28,      01,   201601,   3.28,     29,  -2.21,  -2.21,   -.08,  -2.18,      0,   1116,    .07,    .34,   -.29,   -.57,    -.6,   -.98,   -.51,   19.9,   38.1,
       28,      01,   201602,   4.46,   33.6,  -1.33,  -1.33,   1.94,   -.39,      0,    879,    1.1,     .7,    .78,    .12,    .06,   -.56,   -.55,   23.8,   43.4,
       28,      01,   201603,    1.2,   45.1,  -2.41,  -2.41,  -3.64,  -2.41,      0,    617,  -2.07,   -.53,   -.49,   -.44,  -1.02,  -1.03,   -.77,   33.4,   56.7,
       28,      01,   201604,   2.08,   49.4,  -2.86,  -2.86,   -2.1,  -2.86,      0,    468,  -1.22,  -2.71,  -1.13,   -.99,  -1.04,  -1.04,     -1,   36.8,   61.9,
       28,      01,   201605,   3.81,   59.2,  -2.74,  -2.74,   -.52,  -2.74,     17,    196,      0,    -.8,  -1.95,    -.6,   -.78,   -.67,  -1.16,   48.6,   69.9,
       28,      01,   201606,   2.51,   69.1,  -3.05,  -3.05,  -1.76,  -3.05,    135,     12,   -.89,   -.62,  -1.25,  -1.33,  -1.08,  -1.37,  -1.42,   56.8,   81.4,
       28,      01,   201607,   6.47,   75.3,  -2.37,  -2.37,   1.08,  -1.87,    319,      0,    .88,    .14,    .03,    -.7,   -.74,   -.87,  -1.38,   64.2,   86.5,
       28,      01,   201608,   2.91,     75,  -2.78,  -2.78,  -1.97,  -2.78,    310,      0,   -.67,    .16,   -.33,  -1.31,   -.75,    -.8,  -1.37,     64,     86,
       28,      01,   201609,   2.08,   67.9,  -3.27,  -3.27,  -2.32,  -3.27,    112,     25,   -.92,  -1.17,   -.35,  -1.12,  -1.24,  -1.06,  -1.25,   56.1,   79.6,
       28,      01,   201610,   2.56,   54.6,  -3.58,  -3.58,  -1.93,  -3.58,      0,    327,    -.4,  -1.07,  -1.33,   -.91,  -1.44,  -1.38,  -1.46,   43.6,   65.5,
       28,      01,   201611,   3.44,     45,  -3.67,  -3.67,  -1.37,  -3.67,      0,    600,    .01,   -.37,   -.92,   -.91,   -1.7,  -1.22,  -1.43,   34.4,   55.6,
       28,      01,   201612,   3.51,   33.7,  -3.48,  -3.48,   -.56,  -3.48,      0,    970,   -.08,   -.15,   -.41,   -.65,  -1.21,  -1.35,  -1.43,   25.6,   41.8,
       28,      01,   201701,   3.59,   33.7,  -3.06,  -3.06,    .17,  -2.94,      0,    970,    .28,    .06,      0,  -1.02,    -.8,  -1.25,   -1.4,   26.7,   40.7,
       28,      01,   201702,   2.08,     37,  -3.25,  -3.25,   -1.5,  -3.25,      0,    784,   -.72,   -.37,   -.31,  -1.03,   -.99,   -1.7,  -1.34,   26.9,   47.1,
       28,      01,   201703,   4.12,   35.9,  -2.77,  -2.77,    .42,  -2.54,      0,    902,    .29,   -.23,   -.11,   -.41,    -.7,  -1.19,  -1.37,   26.1,   45.6,
